,Level,,Items,,A,,B,,C ,,D,CORRECT ANSWERS,RATIONALE,,,,,,
,E,1,Which of the following was mentioned as a skill to which psychology students would be exposed?,,Critical thinking,,Use of the scientific method,,Critical evaluation of sources of information ,,All of the above,D,Psychology students hone critical thinking skills and are trained in the use of the scientific method.,,,,,,Psychology students hone critical thinking skills and are trained in the use of the scientific method.
,E,2,Psyche is a Greek word meaning ________. ,,Essence,,Soul,,Behavior,,Love,B,Distractor item,,,,,,
,E,3,"Before psychology became a recognized academic discipline, matters of the mind were undertaken by those in ________. ",,Biology,,Chemistry,,Philosophy,,Physics,C,Distractor item,,,,,,
,E,4,"In the scientific method, a hypothesis is a(n) ________. . ",,Observation,,Measurement,,Test,,Proposed explanation,D,"A psychological test is any standardized instrument, including scales and self-report inventories, used to measure behavior or mental attributes, such as attitudes, emotional functioning, intelligence and cognitive abilities (reasoning, comprehension, abstraction, etc.), aptitudes, values, interests, and personality characteristics. ",,,,,,"Observation consists of receiving knowledge of the outside world through our senses, or recording information using scientific tools and instruments. Any data recorded during an experiment can be called an observation.Measurement is the assignment of scores to individuals so that the scores represent some characteristic of the individuals. Psychological measurement can be achieved in a wide variety of ways, including self-report, behavioral, and physiological measures.A psychological test is any standardized instrument, including scales and self-report inventories, used to measure behavior or mental attributes, such as attitudes, emotional functioning, intelligence and cognitive abilities (reasoning, comprehension, abstraction, etc.), aptitudes, values, interests, and personality characteristics. "
,A,5,Which theorist would have been most likely to agree with this statement: Perceptual phenomena are best understood as a combination of their components. ,,William James,,Max Wertheimer ,, Carl Rogers,,Noam Chomsky,B,Noam Chomsky's theory of universal grammar says that we're all born with an innate understanding of the way language works.,,,,,,"William James developed functionalism to search for consciousness and behavior. Functionalism is concerned with explaining the function or purpose of certain forms of behavior, namely that of consciousness or our internal mental states. This theoretical perspective on psychology sought causal relationships between internal states and external behaviors. Carl Rogers believed that humans have one basic motive, that is the tendency to self-actualize. In order to achieve self-actualization, they must be in a state of congruence.Noam Chomsky's theory of universal grammar says that we're all born with an innate understanding of the way language works."
,E,6,________ is most well-known for proposing his hierarchy of needs. ,,Noam Chomsky,,Carl Rogers,,Abraham Maslow,,Sigmund Freud,C,"Freud is known be the the founder of the school of psychoanalysis. Basically, psychoanalysis sought to bring unconscious information into conscious awareness in order to bring about catharsis. This catharsis was an emotional release that could bring about relief from psychological distress. ",,,,,,"Noam Chomsky's theory of universal grammar says that we're all born with an innate understanding of the way language works.Carl Rogers believed that humans have one basic motive, that is the tendency to self-actualize. In order to achieve self-actualization, they must be in a state of congruence.Freud is known be the the founder of the school of psychoanalysis. Basically, psychoanalysis sought to bring unconscious information into conscious awareness in order to bring about catharsis. This catharsis was an emotional release that could bring about relief from psychological distress. "
,D,7,"Rogers believed that providing genuineness, empathy, and ________ in the therapeutic environment for his clients was critical to their being able to deal with their problems. ",,Structuralism,,Functionalism,,Gestalt,,Unconditional positive regard,D,"Gestalt psychology is a school of thought that looks at the human mind and behavior as a whole. When trying to make sense of the world around us, Gestalt psychology suggests that we do not simply focus on every small component. Instead, our minds tend to perceive objects as part of a greater whole and as elements of more complex systems.",,,,,,"Structuralism was the first school of psychology which focused on breaking down mental processes into the most basic components of consciousness via introspection.Functionalism is concerned with explaining the function or purpose of certain forms of behavior, namely that of consciousness or our internal mental states. This theoretical perspective on psychology sought causal relationships between internal states and external behaviors. Gestalt psychology is a school of thought that looks at the human mind and behavior as a whole. When trying to make sense of the world around us, Gestalt psychology suggests that we do not simply focus on every small component. Instead, our minds tend to perceive objects as part of a greater whole and as elements of more complex systems."
,E,8,The operant conditioning chamber (aka ________ box) is a device used to study the principles of operant conditioning. ,,Skinner,,Watson,,James,,Koffka,A,"In 1910, Kurt Koffka worked alongside Max Wertheimer and Wolfgang Köhler at the Psychological Institute in Frankfurt. They focused their research on sensory information and memory, and later became the founding fathers of Gestalt psychology. ",,,,,,"John B. Watson was one of the founders of the school of behaviorism. He believed that psychology should primarily be scientific observable behavior. He is remembered for his research on the conditioning process. Watson is also known for the Little Albert experiment, in which he demonstrated that a child could be conditioned to fear a previously neutral stimulus.William James developed functionalism to search for consciousness and behavior. Functionalism is concerned with explaining the function or purpose of certain forms of behavior, namely that of consciousness or our internal mental states. This theoretical perspective on psychology sought causal relationships between internal states and external behaviors. In 1910, Kurt Koffka worked alongside Max Wertheimer and Wolfgang Köhler at the Psychological Institute in Frankfurt. They focused their research on sensory information and memory, and later became the founding fathers of Gestalt psychology. "
,E,9,A researcher interested in how changes in the cells of the hippocampus (a structure in the brain related to learning and memory) are related to memory formation would be most likely to identify as a(n) ________ psychologist.,,Biological,,Health,,Clinical,,Social,A,Social psychology focuses on how we interact with and relate to others.,,,,,,"The scientific study of how stress and other psychological factors impact health falls within the realm of health psychology, a subfield of psychology devoted to understanding the importance of psychological influences on health, illness, and how people respond when they become ill. Clinical psychology is an area of psychology that focuses on the diagnosis and treatment of psychological disorders and other problematic patterns of behavior. Social psychology focuses on how we interact with and relate to others."
,E,10,x,,Psychosexual stage,,Object permanence,,Personality,,Perception,C,"Perception refers to the way sensory information is organized, interpreted, and consciously experienced. ",,,,,,"According to Freud, an individual goes through various psychosexual stages of development. Adult personality would result from the resolution of various conflicts that centered on tghe migration of erogenous (or sexual pleasure-producing) zones from the oral (mouth) to the anus to the phallus to the genitals. Object permanence refers to the understanding that physical things continue to exist, even if they are hidden from us.Perception refers to the way sensory information is organized, interpreted, and consciously experienced. "
,D,11,"In Milgram’s controversial study on obedience, nearly ________ of the participants were willing to administer what appeared to be lethal electrical shocks to another person because they were told to do so by an authority figure. ",,One-third,,Two-third,,Three-fourth,,Four-fifth,B,Distractor item,,,,,,
,A,12,A researcher interested in what factors make an employee best suited for a given job would most likely identify as a(n) ________ psychologist. ,,Personality,,Clinical,,Social,,I-O,D,Social psychology focuses on how we interact with and relate to others.,,,,,,Personality psychology focuses on patterns of thoughts and behaviors that make each individual unique.Clinical psychology is an area of psychology that focuses on the diagnosis and treatment of psychological disorders and other problematic patterns of behavior. Social psychology focuses on how we interact with and relate to others.
,D,13,"If someone wanted to become a psychology professor at a 4-year college, then s/he would probably need a ________ degree in psychology. ",,Bachelor of Science,,Bachelor of Art,,Master’s,,PhD,D,Distractor item,,,,,,
,D,14,The ________ places less emphasis on research and more emphasis on application of therapeutic skills.,,PhD,,PsyD,,Postdoctoral training program,,Dissertation,B,A dissertation is essentially a long research paper or bundled published articles describing research that was conducted as a part of the candidate’s doctoral training.,,,,,,A PhD (Doctor of Philosophy) is a doctoral degree conferred in many disciplinary perspectives housed in a traditional college of liberal arts and sciences.A postdoctoral training program allows young scientists to further develop their research programs and broaden their research skills under the supervision of other professionals in the field.A dissertation is essentially a long research paper or bundled published articles describing research that was conducted as a part of the candidate’s doctoral training.
,D,15,Which of the following degrees would be the minimum required to teach psychology courses in high school?,,PhD,,PsyD,,Master’s degree,,Bachelor’s degree,D,Distractor item,,,,,,
,A,16,Scientific hypotheses are ________ and falsifiable.,,Observable,,Original,,Provable,,Testable,D,Scientific hypothesis is a tentative and testable statement about the relationship between two or more variables. ,,,,,,Scientific hypothesis is a tentative and testable statement about the relationship between two or more variables. Scientific hypothesis is a tentative and testable statement about the relationship between two or more variables. Scientific hypothesis is a tentative and testable statement about the relationship between two or more variables. 
,E,17,________ are defined as observable realities.,,Behaviors,,Facts,,Opinions,,Theories,B,A theory is a well-developed set of ideas that propose an explanation for observed phenomena.,,,,,,"Behaviors are an organism's activities in response to external or internal stimuli, including objectively observable activities, introspectively observable activities (see covert behavior), and nonconscious processes.Opinions are personal judgments, conclusions, or attitudes that may or may not be accurate.A theory is a well-developed set of ideas that propose an explanation for observed phenomena."
,E,18,Scientific knowledge is ________. ,,Intuitive,,Empirical,,Permanent,,Subjective,B,"Scientific knowledge is advanced through a process known as the scientific method. Basically, ideas (in the form of theories and hypotheses) are tested against the real world (in the form of empirical observations), and those empirical observations lead to more ideas that are tested against the real world.",,,,,,"Scientific knowledge is advanced through a process known as the scientific method. Basically, ideas (in the form of theories and hypotheses) are tested against the real world (in the form of empirical observations), and those empirical observations lead to more ideas that are tested against the real world.Scientific knowledge is advanced through a process known as the scientific method. Basically, ideas (in the form of theories and hypotheses) are tested against the real world (in the form of empirical observations), and those empirical observations lead to more ideas that are tested against the real world.Scientific knowledge is advanced through a process known as the scientific method. Basically, ideas (in the form of theories and hypotheses) are tested against the real world (in the form of empirical observations), and those empirical observations lead to more ideas that are tested against the real world."
,D,19,A major criticism of Freud’s early theories involves the fact that his theories ________. ,,Were too limited in scope,,Were too outrageous,,Were too broad,,Were not testable,D,A major criticism of Freud’s theories is that many of his ideas are not falsifiable or incapable of being proven as incorrect.,,,,,,A major criticism of Freud’s theories is that many of his ideas are not falsifiable or incapable of being proven as incorrect.A major criticism of Freud’s theories is that many of his ideas are not falsifiable or incapable of being proven as incorrect.A major criticism of Freud’s theories is that many of his ideas are not falsifiable or incapable of being proven as incorrect.
,D,20,Sigmund Freud developed his theory of human personality by conducting in-depth interviews over an extended period of time with a few clients. This type of research approach is known as a(n): ________.,,Archival research,,Case study,,Naturalistic observation,,Survey,B,"Surveys are lists of questions to be answered by research participants, and can be delivered as paper-and-pencil questionnaires, administered electronically, or conducted verbally.",,,,,,"Archival research relies on looking at past records or data sets to look for interesting patterns or relationships.Naturalistic observation is the observation of behavior in its natural setting.Surveys are lists of questions to be answered by research participants, and can be delivered as paper-and-pencil questionnaires, administered electronically, or conducted verbally."
,E,21,________ involves observing behavior in individuals in their natural environments. ,,Archival research,,Case study,,Naturalistic observation,,Survey,C,"Surveys are lists of questions to be answered by research participants, and can be delivered as paper-and-pencil questionnaires, administered electronically, or conducted verbally.",,,,,,"Archival research relies on looking at past records or data sets to look for interesting patterns or relationships.A clinical or case study when they focus on one person or just a few individuals.Surveys are lists of questions to be answered by research participants, and can be delivered as paper-and-pencil questionnaires, administered electronically, or conducted verbally."
,D,22,The major limitation of case studies is ________.,,The superficial nature of the information collected in this approach,,The lack of control that the researcher has in this approach,,The inability to generalize the findings from this approach to the larger population,,The absence of inter-rater reliability,C,Inter-rater reliability is the measure of agreement among observers on how they record and classify a particular event. ,,,,,,Generalizability is a measure of how useful the results of a study are for a broader group of people or situations. Inter-rater reliability is the measure of agreement among observers on how they record and classify a particular event. 
,D,23,The benefit of naturalistic observation studies is ________. ,,The honesty of the data that is collected in a realistic setting ,,How quick and easy these studies are to perform,,The researcher’s capacity to make sure that data is collected as efficiently as possible,,The ability to determine cause and effect in this particular approach,A,"True experimental research relies on statistical analysis to prove or disprove a hypothesis, making it the most accurate form of research. It can establish a cause-effect relationship within a group.",,,,,,"True experimental research relies on statistical analysis to prove or disprove a hypothesis, making it the most accurate form of research. It can establish a cause-effect relationship within a group."
,A,24,Using existing records to try to answer a research question is known as ________. ,,Naturalistic observation,,Survey research,,Longitudinal research,,Archival research,D,"When we test the same group of individuals repeatedly over an extended period of time, we are conducting longitudinal research. Longitudinal research is a research design in which data-gathering is administered repeatedly over an extended period of time.",,,,,,"Naturalistic observation is the observation of behavior in its natural setting.Surveys are lists of questions to be answered by research participants, and can be delivered as paper-and-pencil questionnaires, administered electronically, or conducted verbally.When we test the same group of individuals repeatedly over an extended period of time, we are conducting longitudinal research. Longitudinal research is a research design in which data-gathering is administered repeatedly over an extended period of time."
,E,25,________ involves following a group of research participants for an extended period of time. ,,Archival research,,Longitudinal research,,Naturalistic observation,,Cross-sectional research,B,"In cross-sectional research, a researcher compares multiple segments of the population at the same time.",,,,,,"Archival research relies on looking at past records or data sets to look for interesting patterns or relationships.Naturalistic observation is the observation of behavior in its natural setting.In cross-sectional research, a researcher compares multiple segments of the population at the same time."
,E,26,A(n) ________ is a list of questions developed by a researcher that can be administered in paper form.,,Archive,,Case study,,Naturalistic observation,,Survey,D,Naturalistic observation is the observation of behavior in its natural setting.,,,,,,Archival research relies on looking at past records or data sets to look for interesting patterns or relationships.A clinical or case study when they focus on one person or just a few individuals.Naturalistic observation is the observation of behavior in its natural setting.
,D,27,Longitudinal research is complicated by high rates of ________. ,,Deception,,Observation,,Attrition,,Generalization,C,Generalizability is a measure of how useful the results of a study are for a broader group of people or situations. ,,,,,,"Deception involves purposely misleading experiment participants in order to maintain the integrity of the experiment, but not to the point where the deception could be considered harmful.Generalizability is a measure of how useful the results of a study are for a broader group of people or situations. "
,E,28,Height and weight are positively correlated. This means that ________,,There is no relationship between height and weight.,,"Usually, the taller someone is, the thinner they are:",,"Usually, the shorter someone is, the heavier they are. ",,"As height increases, typically weight increases.",D,Distractor item,,,,,,
,A,29,Which of the following correlation coefficients indicates the strongest relationship between two variables? ,,-0.9,,-0.5,,0.8,,0.25,A,"The number portion of the correlation coefficient indicates the strength of the relationship. The closer the number is to 1 (be it negative or positive), the more strongly related the variables are, and the more predictable changes in one variable will be as the other variable changes. The closer the number is to zero, the weaker the relationship, and the less predictable the relationships between the variables becomes.",,,,,,"The number portion of the correlation coefficient indicates the strength of the relationship. The closer the number is to 1 (be it negative or positive), the more strongly related the variables are, and the more predictable changes in one variable will be as the other variable changes. The closer the number is to zero, the weaker the relationship, and the less predictable the relationships between the variables becomes.The number portion of the correlation coefficient indicates the strength of the relationship. The closer the number is to 1 (be it negative or positive), the more strongly related the variables are, and the more predictable changes in one variable will be as the other variable changes. The closer the number is to zero, the weaker the relationship, and the less predictable the relationships between the variables becomes.The number portion of the correlation coefficient indicates the strength of the relationship. The closer the number is to 1 (be it negative or positive), the more strongly related the variables are, and the more predictable changes in one variable will be as the other variable changes. The closer the number is to zero, the weaker the relationship, and the less predictable the relationships between the variables becomes."
,D,30,Which statement best illustrates a negative correlation between the number of hours spent watching TV the week before an exam and the grade on that exam? ,,Watching too much television leads to poor exam performance. ,,Smart students watch less television. ,,Viewing television interferes with a student’s ability to prepare for the upcoming exam. ,,Students who watch more television perform more poorly on their exams.,D,Distractor item,,,,,,
,E,31,The correlation coefficient indicates the weakest relationship when ________. ,,It is closest to 0.,,It is closest to -1.,,It is positive.,,It is negative.,A,"The number portion of the correlation coefficient indicates the strength of the relationship. The closer the number is to 1 (be it negative or positive), the more strongly related the variables are, and the more predictable changes in one variable will be as the other variable changes. The closer the number is to zero, the weaker the relationship, and the less predictable the relationships between the variables becomes.",,,,,,"The number portion of the correlation coefficient indicates the strength of the relationship. The closer the number is to 1 (be it negative or positive), the more strongly related the variables are, and the more predictable changes in one variable will be as the other variable changes. The closer the number is to zero, the weaker the relationship, and the less predictable the relationships between the variables becomes."
,A,32,________ means that everyone in the population has the same likelihood of being asked to participate in the study. ,,Operationalizing,,Placebo effect,,Random assignment,,Random sampling,D,Random assignment means that all participants have an equal chance of being assigned to either group.,,,,,,An operational definition is a description of how we will measure our variables.The placebo effect occurs when people's expectations or beliefs influence or determine their experience in a given situation.Random assignment means that all participants have an equal chance of being assigned to either group.
,A,33,"The ________ is controlled by the experimenter, while the ________ represents the information collected and statistically analyzed by the experimenter. ",,Dependent variable; independent variable,,Independent variable; dependent variable,,Placebo effect; experimenter bias,,Experiment bias; placebo effect,B,Experimenter bias refers to the researcher expectations that skew the results of the study while the placebo effect occurs when people's expectations or beliefs influence or determine their experience in a given situation. ,,,,,,Dependent variable is the variable that the researcher measures to see how much effect the independent variable had while the independent variable is the variable that is influenced or controlled by the experimenter.The placebo effect occurs when people's expectations or beliefs influence or determine their experience in a given situation while experimenter bias refers to the researcher expectations that skew the results of the study.Experimenter bias refers to the researcher expectations that skew the results of the study while the placebo effect occurs when people's expectations or beliefs influence or determine their experience in a given situation. 
,A,34,Researchers must ________ important concepts in their studies so others would have a clear understanding of exactly how those concepts were defined. ,,Rrandomly assign,,Randomly select,,Operationalize,,Generalize,C,Generalizability is a measure of how useful the results of a study are for a broader group of people or situations. ,,,,,,Random assignment means that all participants have an equal chance of being assigned to either group.Random selection refers to how sample members (study participants) are selected from the population for inclusion in the study.Generalizability is a measure of how useful the results of a study are for a broader group of people or situations. 
,E,35,"Sometimes, researchers will administer a(n) ________ to participants in the control group to control for the effects that participant expectation might have on the experiment. ",,Dependent variable,,Independent variable,,Statistical analysis,,Placebo,D,An operational definition is a description of how we will measure our variables.,,,,,,Dependent variable is the variable that the researcher measures to see how much effect the independent variable had.Independent variable is the variable that is influenced or controlled by the experimenter.An operational definition is a description of how we will measure our variables.
,E,36,Researchers might use ________ when providing participants with the full details of the experiment could skew their responses.,,Informed consent,,Deception,,Ethics,,Debriefing,B,"Debriefing is the act of informing participants about the intentions of the study in which they just participated; during this process, researchers reveal any deceptions that occurred and explain why deception was necessary. Debriefing typically occurs at the conclusion of participants' study involvement.",,,,,,"Each participant must sign an informed consent form before they can participate in the experiment. An informed consent form provides a written description of what participants can expect during the experiment, including potential risks and implications of the research. It also lets participants know that their involvement is completely voluntary and can be discontinued without penalty at any time. Furthermore, the informed consent guarantees that any data collected in the experiment will remain completely confidential.Research ethics involves the application of fundamental ethical principles to research activities which include the design and implementation of research, respect towards society and others, the use of resources and research outputs, scientific misconduct and the regulation of research.Debriefing is the act of informing participants about the intentions of the study in which they just participated; during this process, researchers reveal any deceptions that occurred and explain why deception was necessary. Debriefing typically occurs at the conclusion of participants' study involvement."
,E,37,A person’s participation in a research project must be ________. ,,Confidential ,,Rewarded,,Voluntary,,Public,C,Distractor item,,,,,,Distractor itemDistractor itemDistractor item
,A,38,"Before participating in an experiment, individuals should read and sign the ________ form.  ",,Informed consent,,Debriefing,,IRB,,Ethics,A,"Research ethics involves the application of fundamental ethical principles to research activities which include the design and implementation of research, respect towards society and others, the use of resources and research outputs, scientific misconduct and the regulation of research.",,,,,,"Debriefing is the act of informing participants about the intentions of the study in which they just participated; during this process, researchers reveal any deceptions that occurred and explain why deception was necessary. Debriefing typically occurs at the conclusion of participants' study involvement.Institutional Review Board (IRB) refers to the committee of administrators, scientists, and community members that reviews proposals for research involving human participants.Research ethics involves the application of fundamental ethical principles to research activities which include the design and implementation of research, respect towards society and others, the use of resources and research outputs, scientific misconduct and the regulation of research."
,D,39,"A(n) ________ is a sudden, permanent change in a sequence of DNA. ",,Allele,,Chromosome,,Epigenetic,,Mutation,D,"Epigenetics is the study of gene-environment interactions, such as how the same genotype leads to different phenotypes.",,,,,,"An allele is a specific version of a gene.Chromosomes are long strings of genetic material known as deoxyribonucleic acid (DNA).Epigenetics is the study of gene-environment interactions, such as how the same genotype leads to different phenotypes."
,D,40,"________ refers to a person’s genetic makeup, while ________ refers to a person’s physical characteristics. ",,Phenotype; genotype,,Genotype; phenotype,,DNA; gene,,Gene; DNA,B,Gene refers to the sequence of DNA that controls or partially controls physical characteristics while DNA or deoxyribonucleic acid is the helix-shaped molecule made of nucleotide base pairs.,,,,,,A phenotype is an individual’s inheritable physical characteristics while genotype refers to genetic makeup of an individual.DNA or deoxyribonucleic acid is the helix-shaped molecule made of nucleotide base pairs while gene refers to the sequence of DNA that controls or partially controls physical characteristics.Gene refers to the sequence of DNA that controls or partially controls physical characteristics while DNA or deoxyribonucleic acid is the helix-shaped molecule made of nucleotide base pairs.
,E,41, ________ is the field of study that focuses on genes and their expression. ,,Social psychology,,Evolutionary psychology,,Epigenetics,,Behavioral neuroscience,C,"Behavioral neuroscience, also known as biological psychology, biopsychology, or psychobiology, is the application of the principles of biology to the study of physiological, genetic, and developmental mechanisms of behavior in humans and other animals.",,,,,,"Social psychology focuses on how we interact with and relate to others.Evolutionary psychology focuses on how universal patterns of behavior and cognitive processes have evolved over time. TBehavioral neuroscience, also known as biological psychology, biopsychology, or psychobiology, is the application of the principles of biology to the study of physiological, genetic, and developmental mechanisms of behavior in humans and other animals."
,E,42,Humans have ________ pairs of chromosomes. ,,15,,23,,46,,78,B,Distractor item,,,,,,
,A,43,The ________ receive(s) incoming signals from other neurons.,,Soma,,Terminal buttons,,Myelin sheath,,Dendrites,D,Myelin sheath is the fatty substance that insulates axons.,,,,,,Soma refers to the cell body.Terminal buttons contain synaptic vesicles filled with neurotransmitters at the end of the axon. Myelin sheath is the fatty substance that insulates axons.
,D,44,A(n) ________ facilitates or mimics the activity of a given neurotransmitter system.,,Axon,,SSRI,,Agonist,,Antagonist,C,Antagonist is a drug that blocks or impedes the normal activity of a given neurotransmitter.,,,,,,"The axon is the major extension of the soma.SSRI or selective serotonin reuptake inhibitors prevents reuptake, thereby strengthening the effect of serotonin, giving it more time to interact with serotonin receptors on dendrites.Antagonist is a drug that blocks or impedes the normal activity of a given neurotransmitter."
,D,45,Multiple sclerosis involves a breakdown of the ________. ,,Soma,,Myelin sheath,,Synaptic vesicle,,Dendrites,B,Dendrites extend from the soma in tree-like branches.,,,,,,Soma refers to the cell body.A synaptic vesicle is the storage site for neurotransmitters.Dendrites extend from the soma in tree-like branches.
,D,46,An action potential involves Na+ moving ________ the cell and K+ moving ________ the cell. ,,Inside; outside,,Outside; inside,,Inside; inside,,Outside; outside,A,Distractor item,,,,,,
,A,47,Our ability to make our legs move as we walk across the room is controlled by the ________ nervous system. ,,Autonomic,,Somatic,,Sympathetic,,Parasympathetic ,B,"The parasympathetic nervous system is associated with returning the body to routine, day-to-day operations.",,,,,,"The autonomic nervous system controls our internal organs and glands and is generally considered to be outside the realm of voluntary control.The sympathetic nervous system is involved in preparing the body for stress-related activities.The parasympathetic nervous system is associated with returning the body to routine, day-to-day operations."
,A,48,"If your ________ is activated, you will feel relatively at ease.",,Somatic nervous system,,Sympathetic nervous system,,Parasympathetic nervous system,,Spinal cord,C,"The spinal cord is part of the central nervous system and is the most important structure between the body and the brain. The spinal cord extends from the foramen magnum where it is continuous with the medulla to the level of the first or second lumbar vertebrae. It is a vital link between the brain and the body, and from the body to the brain.",,,,,,"The somatic nervous system relays sensory and motor information to and from the CNS.The sympathetic nervous system is involved in preparing the body for stress-related activities.The spinal cord is part of the central nervous system and is the most important structure between the body and the brain. The spinal cord extends from the foramen magnum where it is continuous with the medulla to the level of the first or second lumbar vertebrae. It is a vital link between the brain and the body, and from the body to the brain."
,E,49,The central nervous system is comprised of ________. ,,Sympathetic and parasympathetic nervous systems,,Organs and glands,,Somatic and autonomic nervous systems are parts of the autonomic nervous system. ,,Brain and spinal cord,D,The somatic and autonomic nervous systems comprise the peripheral nervous system. ,,,,,,The sympathetic and parasympathetic nervous systems comprise the The endocrine system is a complex network of organs and glands throughout the body.The somatic and autonomic nervous systems comprise the peripheral nervous system. 
,A,50,Sympathetic activation is associated with ________. ,,Pupil dilation,,Storage of glucose in the liver,,Increased heart rate,,Both A and C,D,Increased heart rate is a sympathetic activation.,,,,,,Pupil dilation is a sympathetic activation. Storage of glucose in the liver is a parasympathetic function. Increased heart rate is a sympathetic activation.
,D,51,"The ________ is a sensory relay station where all sensory information, except for smell, goes before being sent to other areas of the brain for further processing. ",,Amygdala,,Hippocampus,,Hypothalamus,,Thalamus,D,Hypothalamus is forebrain structure that regulates sexual motivation and behavior and a number of homeostatic processes; serves as an interface between the nervous system and the endocrine system.,,,,,,Amygdala is a structure in the limbic system involved in our experience of emotion and tying emotional meaning to our memories.Hippocampus is a structure in the temporal lobe associated with learning and memory.Hypothalamus is forebrain structure that regulates sexual motivation and behavior and a number of homeostatic processes; serves as an interface between the nervous system and the endocrine system.
,A,52,"Damage to the ________ disrupts one’s ability to comprehend language, but it leaves one’s ability to produce words intact. ",,Amygdala,,Broca’s Area,,Wernicke’s Area,,Occipital lobe ,C,Occipital lobe is part of the cerebral cortex associated with visual processing which contains the primary visual cortex.,,,,,,Amygdala is a structure in the limbic system involved in our experience of emotion and tying emotional meaning to our memories.Broca’s Area is a region in the left hemisphere that is essential for language production.Occipital lobe is part of the cerebral cortex associated with visual processing which contains the primary visual cortex.
,A,53,A(n) ________ uses magnetic fields to create pictures of a given tissue. ,,EEG,,MRI,,PET scan,,CT scan,B,"CT (computed tomography) scan is a diagnostic imaging test used to create detailed images of internal organs, bones, soft tissue and blood vessels.",,,,,,"EEG or electroencephalography is the recording the electrical activity of the brain via electrodes on the scalp.PET or positron emission tomography scan is helpful for showing activity in different parts of the brain. CT (computed tomography) scan is a diagnostic imaging test used to create detailed images of internal organs, bones, soft tissue and blood vessels."
,D,54,Which of the following is not a structure of the forebrain? ,,Thalamus,,Hippocampus,,Amygdala,,Substantia nigra,D,Amygdala is a structure in the limbic system involved in our experience of emotion and tying emotional meaning to our memories.,,,,,,EEG or electroencephalography is the recording the electrical activity of the brain via electrodes on the scalp.Hippocampus is a structure in the temporal lobe associated with learning and memory.Amygdala is a structure in the limbic system involved in our experience of emotion and tying emotional meaning to our memories.
,D,55,The two major hormones secreted from the pancreas are: ,,Estrogen and progesterone,,Norepinephrine and epinephrine,,Thyroxine and oxytocin,,Glucagon and insulin,D,Thyroxine and oxytocin are produced under regulation from the hypothalamus.,,,,,,Estrogen and progesterone are hormones that are produced by a woman’s ovaries.Norepinephrine and epinephrine (as hormones) are produced by the adrenal glands. Thyroxine and oxytocin are produced under regulation from the hypothalamus.
,D,56,The ________ secretes messenger hormones that direct the function of the rest of the endocrine glands.,,Ovary,,Thyroid,,Pituitary,,Pancreas,C,The pancreas is an internal organ that secretes hormones that regulate blood sugar levels: insulin and glucagon.,,,,,,"The major hormones secreted by the ovaries are oestrogen and progesterone, both important hormones in the menstrual cycle.The thyroid secretes thyroxine, which is important for basic metabolic processes and growth.The pancreas is an internal organ that secretes hormones that regulate blood sugar levels: insulin and glucagon."
,E,57,The ________ gland secretes epinephrine.,,Adrenal,,Thyroid,,Pituitary,,Master,A,"The pituitary is often referred to as the “master gland” because its messenger hormones control all the other glands in the endocrine system, although it mostly carries out instructions from the hypothalamus. ",,,,,,"The thyroid secretes thyroxine, which is important for basic metabolic processes and growth.The pituitary is often referred to as the “master gland” because its messenger hormones control all the other glands in the endocrine system, although it mostly carries out instructions from the hypothalamus. It secretes the following hormones: adrenocorticotropic hormone,  growth hormone,  luteinising hormone and follicle stimulating hormone, prolactin, and  thyroid stimulating hormone. The pituitary is often referred to as the “master gland” because its messenger hormones control all the other glands in the endocrine system, although it mostly carries out instructions from the hypothalamus. "
,D,58,The ________ secretes hormones that regulate the body’s fluid levels. ,,Adrenal,,Pituitary,,Testes,,Thyroid,B,"The thyroid secretes thyroxine, which is important for basic metabolic processes and growth.",,,,,,"The adrenal gland secretes epinephrine.The testes produce sex hormones that regulate sexual motivation and behavior among males.The thyroid secretes thyroxine, which is important for basic metabolic processes and growth."
,D,59,The body’s biological clock is located in the ________. ,,Hippocampus,,Thalamus,,Hypothalamus,,Pituitary gland,C,"The pituitary gland secretes a number of key hormones, which regulate fluid levels in the body, and a number of messenger hormones, which direct the activity of other glands in the endocrine system.",,,,,,"Hippocampus is a structure in the temporal lobe associated with learning and memory.Thalamus is the sensory relay for the brain.The pituitary gland secretes a number of key hormones, which regulate fluid levels in the body, and a number of messenger hormones, which direct the activity of other glands in the endocrine system."
,D,60,________ occurs when there is a chronic deficiency in sleep. ,,Jet lag,,Rotating shift work,,Circadian rhythm,,Sleep debt,D,"Circadian rhythms are physical, mental, and behavioral changes that follow a 24-hour cycle. ",,,,,,"Jet lag is a collection of symptoms that results from the mismatch between our internal circadian cycles and our environment.Rotating shift work refers to a work schedule that changes from early to late on a daily or weekly basis.Circadian rhythms are physical, mental, and behavioral changes that follow a 24-hour cycle. "
,E,61,________ cycles occur roughly once every 24 hours. ,,Biological,,Circadian,,Rotating,,Conscious,B,Distractor item,,,,,,"Biological rhythm, periodic biological fluctuation in an organism that corresponds to, and is in response to, periodic environmental change. "
,D,62,________ is one way in which people can help reset their biological clocks.,,Light-dark exposure,,Coffee consumption,,Alcohol consumption,,Napping,A, Longer naps (more than 30 minutes) may interfere with your ability to sleep at night.,,,,,,"While there are short-term performance benefits to caffeine consumption, overuse can lead to insomnia or worsen pre-existing insomnia. Consuming caffeine to stay awake at night may lead to sleeplessness, anxiety, frequent nighttime awakenings, and overall poorer sleep quality.Alcohol consumption does not improve sleep quality. Alcohol does allow healthy people to fall asleep quicker and sleep more deeply for a while, but it reduces rapid eye movement (REM) sleep.  Longer naps (more than 30 minutes) may interfere with your ability to sleep at night."
,E,63,Growth hormone is secreted by the ________ while we sleep.,,Pineal gland,,Thyroid,,Pituitary gland,,Pancreas,C,The pancreas secretes hormones that regulate blood sugar levels.,,,,,,"Pineal gland is an endocrine structure located inside the brain that releases melatonin.The thyroid secretes thyroxine, which is important for basic metabolic processes and growth.The pancreas secretes hormones that regulate blood sugar levels."
,D,64,The ________ plays a role in controlling slowwave sleep.,,Hypothalamus,,Thalamus,,Pons,,Both a and b,A,Distractor item,,,,,,"The thalamus is the sensory relay for the brain.Pons is the hindbrain structure that connects the brain and spinal cord; involved in regulating brain activity
during sleep."
,A,65,________ is a hormone secreted by the pineal gland that plays a role in regulating biological rhythms and immune function. ,,Growth hormone,,Melatonin,,LH,,FSH,B,FSH is produced by the pituitary gland. It regulates the functions of both the ovaries and testes.,,,,,,"Growth hormone (GH) is a small protein that is made by the pituitary gland and secreted into the bloodstream. GH production is controlled by a complex set of hormones produced in the hypothalamus of the brain and in the intestinal tract and pancreas.LH is made by the pituitary gland, a small gland located underneath the brain. LH plays an important role in sexual development and functioning.FSH is produced by the pituitary gland. It regulates the functions of both the ovaries and testes."
,D,66,________ appears to be especially important for enhanced performance on recently learned tasks. ,,Melatonin,,Slow-wave sleep,,Sleep deprivation,,Growth hormone,D,Lack of sleep can result in decreased mental alertness and cognitive function.,,,,,,One important regulator of sleep-wake cyclesis the hormone melatonin. Melatonin release is stimulated by darkness and inhibited by light.Slow-wave sleep is the constructive phase of sleep for recuperation of the mind-body system in which it rebuilds itself after each day. Lack of sleep can result in decreased mental alertness and cognitive function.
,D,67,________ is(are) described as slow-wave sleep.,,Stage 1,,Stage 2,,Stage 3 and stage 4,,REM sleep,C,REM sleep is marked by rapid movements of the eyes. The brain waves associated with this stage of sleep are very similar to those observed when a person is awake and this is the period of sleep in which dreaming occurs.,,,,,,"Stage 1 sleep is a transitional phase that occurs between wakefulness and sleep, the period during which we drift off to sleep. During this time, there is a slowdown in both the rates of respiration and heartbeat.In stage 2 sleep, the body goes into a state of deep relaxation. REM sleep is marked by rapid movements of the eyes. The brain waves associated with this stage of sleep are very similar to those observed when a person is awake and this is the period of sleep in which dreaming occurs."
,D,68,Sleep spindles and K-complexes are most often associated with ________ sleep.,,Stage 1,,Stage 2,,Stage 3 and stage 4,,REM,B,The brain waves associated REM sleep are very similar to those observed when a person is awake.,,,,,,"In Sstage 1 sleep, there is an increase in theta wave activity.Stage 3 and stage 4 of sleep are often referred to as deep sleep or slow-wave sleep because these stages are characterized by low frequency (up to 4 Hz), high amplitude delta waves.The brain waves associated REM sleep are very similar to those observed when a person is awake."
,D,69,Symptoms of ________ may be improved by REM deprivation. ,,Schizophrenia,,Parkinson’s disease,,Depression,,Generalized anxiety disorder,C,Distractor item,,,,,,
,A,70,The ________ content of a dream refers to the true meaning of the dream. ,,Latent,,Manifest,,Collective unconscious,,Important,A,Distractor item,,,,,,"Manifest content refers to the storyline of events that occur during a dream, per Sigmund Freud’s view of the function of dreams.Collective unconscious, as described by Jung, is a theoretical repository of information he believed to be shared by everyone. According to Jung, certain symbols in dreams reflected universal archetypes with meanings that are similar for all people regardless of culture or location."
,D,71,________ is loss of muscle tone or control that is often associated with narcolepsy. ,,RBD,,CPAP,,Cataplexy,,Insomnia,C,"Insomnia, a consistent difficulty in falling or staying asleep, is the most common of the sleep disorders.",,,,,,"REM sleep behavior disorder (RBD) occurs when the muscle paralysis associated with the REM sleep phase does not occur.One of the most common treatments for sleep apnea involves the use of a special device during sleep. A continuous positive airway pressure (CPAP) device includes a mask that fits over the sleeper’s nose and mouth, which is connected to a pump that pumps air into the person’s airways, forcing them to remain open.Insomnia, a consistent difficulty in falling or staying asleep, is the most common of the sleep disorders."
,D,72,An individual may suffer from ________ if there is a disruption in the brain signals that are sent to the muscles that regulate breathing.,,Central sleep apnea,,Obstructive sleep apnea,,Narcolepsy,,SIDS,A,"In sudden infant death syndrome (SIDS), an infant stops breathing during sleep and dies.",,,,,,"Obstructive sleep apnea occurs when an individual’s airway becomes blocked during sleep, and air is prevented from entering the lungs.A person with narcolepsy cannot resist falling asleep at inopportune times. In sudden infant death syndrome (SIDS), an infant stops breathing during sleep and dies."
,D,73,The most common treatment for ________ involves the use of amphetamine-like medications. ,,Sleep apnea,,RBD,,SIDS,,Narcolepsy,D,"In sudden infant death syndrome (SIDS), an infant stops breathing during sleep and dies.",,,,,,"Sleep apnea is defined by episodes during which a sleeper’s breathing stops. These episodes can last 10–20 seconds or longer and often are associated with brief periods of arousal.REM sleep behavior disorder (RBD) is a sleep disorder in which the muscle paralysis associated with the REM sleep phase does not occur; sleepers have high levels of physical activity during REM sleep, especially during disturbing dreams.In sudden infant death syndrome (SIDS), an infant stops breathing during sleep and dies."
,A,74,________ is another word for sleepwalking.,,Insomnia,,Somnambulism,,Cataplexy,,Narcolepsy,B,A person with narcolepsy cannot resist falling asleep at inopportune times. ,,,,,,"Insomnia, a consistent difficulty in falling or staying asleep, is the most common of the sleep disorders.Cataplexy is the lack of muscle tone or muscle weakness, and in some cases complete paralysis of the voluntary muscles.A person with narcolepsy cannot resist falling asleep at inopportune times. "
,A,75, ________ occurs when a drug user requires more and more of a given drug in order to experience the same effects of the drug.,,Withdrawal,,Psychological dependence,,Tolerance,,Reuptake,C,Reuptake occurs when the neurotransmitter is pumped back into the neuron that released it.,,,,,,"Drug withdrawal includes a variety of negative symptoms experienced when drug use is discontinued. These symptoms usually are opposite of the effects of the drug.A person who has psychological dependence has an emotional, rather than physical, need for the drug and may use the drug to relieve psychological distress.Reuptake occurs when the neurotransmitter is pumped back into the neuron that released it."
,D,76,Cocaine blocks the reuptake of ________. ,,GABA,,Glutamate,,Acetylcholine,,Dopamine,D,Acetylcholine is involved in muscle action and memory. Its effects is on increased arousal and enhanced cognition.,,,,,,Gamma-aminobutyric acid (GABA) is involved in brain function and sleep. Its effects is on decreasing anxiety and tension.Glutamate is involved in memory and learning.Acetylcholine is involved in muscle action and memory. Its effects is on increased arousal and enhanced cognition.
,E,77,________ refers to drug craving.,,Psychological dependence,,Antagonism,,Agonism,,Physical dependence,A,Physical dependence involves changes in normal bodily functions—the user will experience withdrawal from the drug upon cessation of use.,,,,,,"Antagonist blocks or impedes the normal activity of a neurotransmitter at the receptor.Agonists are chemicals that mimic a neurotransmitter at the receptor site and, thus, strengthen its effects.Physical dependence involves changes in normal bodily functions—the user will experience withdrawal from the drug upon cessation of use."
,D,78,LSD affects ________ neurotransmission.,,Dopamine,,Serotonin,,Acetylcholine,,Norepinephrine,B,"As a neurotransmitter in the central nervous system, norepinephrine increases alertness and arousal, and speeds reaction time. Norepinephrine has been shown to play a role in a person's mood and ability to concentrate.",,,,,,"Dopamine activity is often associated with reward and craving.Acetylcholine is involved in muscle action and memory. Its effects is on increased arousal and enhanced cognition.As a neurotransmitter in the central nervous system, norepinephrine increases alertness and arousal, and speeds reaction time. Norepinephrine has been shown to play a role in a person's mood and ability to concentrate."
,A,79,________ is most effective in individuals that are very open to the power of suggestion. ,,Hypnosis,,Meditation,,Mindful awareness,,Cognitive therapy,A,Cognitive therapy is a therapeutical approach that involves the awareness of cognitive process to help patients eliminate thought patterns that lead to distress.,,,,,,"Meditation is the act of focusing on a single target (such as the breath or a repeated sound) to increase awareness of the moment. Mindfulness means maintaining a moment-by-moment awareness of our thoughts, feelings, bodily sensations, and surrounding environment, through a gentle, nurturing lens.Cognitive therapy is a therapeutical approach that involves the awareness of cognitive process to help patients eliminate thought patterns that lead to distress."
,D,80, ________ has its roots in religious practice.,,Hypnosis,,Meditation,,Cognitive therapy,,Behavioral therapy,B,Behavioral therapy is an umbrella term for types of therapy that treat mental health disorders. This form of therapy seeks to identify and help change potentially self-destructive or unhealthy behaviors. It functions on the idea that all behaviors are learned and that unhealthy behaviors can be changed.,,,,,,Hypnosis is a focus on the self that involves suggested changes of behavior and experience.Cognitive therapy is a therapeutical approach that involves the awareness of cognitive process to help patients eliminate thought patterns that lead to distress.Behavioral therapy is an umbrella term for types of therapy that treat mental health disorders. This form of therapy seeks to identify and help change potentially self-destructive or unhealthy behaviors. It functions on the idea that all behaviors are learned and that unhealthy behaviors can be changed.
,A,81,Meditation may be helpful in ________. ,,Pain management,,Stress control,,Treating the flu,,Both a and b,D,Distractor item,,,,,,Pain management is the process of providing medical care that alleviates or reduces pain. B is Stress management
,D,82,"Research suggests that cognitive processes, such as learning, may be affected by ________. ",,Hypnosis,,Meditation,,Mindful awareness,,Progressive relaxation,A,"Some scientists are working to determine whether the power of suggestion can affect cognitive processes such as learning, with a view to using hypnosis in educational settings (Wark, 2011). Furthermore, there is some evidence that hypnosis can alter processes that were once thought to be automatic and outside the purview of voluntary control, such as reading (Lifshitz, Aubert Bonn, Fischer, Kashem, & Raz, 2013; Raz, Shapiro, Fan, & Posner, 2002).",,,,,,"Some scientists are working to determine whether the power of suggestion can affect cognitive processes such as learning, with a view to using hypnosis in educational settings (Wark, 2011). Furthermore, there is some evidence that hypnosis can alter processes that were once thought to be automatic and outside the purview of voluntary control, such as reading (Lifshitz, Aubert Bonn, Fischer, Kashem, & Raz, 2013; Raz, Shapiro, Fan, & Posner, 2002).Some scientists are working to determine whether the power of suggestion can affect cognitive processes such as learning, with a view to using hypnosis in educational settings (Wark, 2011). Furthermore, there is some evidence that hypnosis can alter processes that were once thought to be automatic and outside the purview of voluntary control, such as reading (Lifshitz, Aubert Bonn, Fischer, Kashem, & Raz, 2013; Raz, Shapiro, Fan, & Posner, 2002).Some scientists are working to determine whether the power of suggestion can affect cognitive processes such as learning, with a view to using hypnosis in educational settings (Wark, 2011). Furthermore, there is some evidence that hypnosis can alter processes that were once thought to be automatic and outside the purview of voluntary control, such as reading (Lifshitz, Aubert Bonn, Fischer, Kashem, & Raz, 2013; Raz, Shapiro, Fan, & Posner, 2002)."
SENSATION & PERCEPTION,E,83,________ refers to the minimum amount of stimulus energy required to be detected 50% of the time. ,,Absolute threshold,,Difference threshold,,Just noticeable difference,,Transduction,A,Transduction is the conversion of one form of energy into another.,,,,,,Difference threshold refers to the smallest difference needed in order to differentiate two stimuli. JND is the smallest difference needed in order to differentiate two stimuli. Transduction is the conversion of one form of energy into another.
,A,84,Decreased sensitivity to an unchanging stimulus is known as ________. ,,Transduction,,Difference threshold,,Sensory adaptation,,Inattentional blindness,C,"Inattentional blindness refers to the failure to notice a fully visible, but unexpected, object or event when attention is devoted to something else.",,,,,,"Transduction is the conversion of one form of energy into another.Difference threshold refers to the smallest difference needed in order to differentiate two stimuli. Inattentional blindness refers to the failure to notice a fully visible, but unexpected, object or event when attention is devoted to something else."
,E,85,________ involves the conversion of sensory stimulus energy into neural impulses.,,Sensory adaptation,,Inattentional blindness,,Difference threshold,,Transduction,D,Difference threshold refers to the smallest difference needed in order to differentiate two stimuli. ,,,,,,"Sensory adaptation is the decreased sensitivity to an unchanging stimulus.Inattentional blindness refers to the failure to notice a fully visible, but unexpected, object or event when attention is devoted to something else.Difference threshold refers to the smallest difference needed in order to differentiate two stimuli. "
,E,86,"________ occurs when sensory information is organized, interpreted, and consciously experienced. ",,Sensation,,Perception,,Transduction,,Sensory adaptation,B,Sensory adaptation is the decreased sensitivity to an unchanging stimulus.,,,,,,Sensation is the physical processing of environmental stimuli by the sense organs.Transduction is the conversion of one form of energy into another. Sensory adaptation is the decreased sensitivity to an unchanging stimulus.
,D,87,Which of the following correctly matches the pattern in our perception of color as we move from short wavelengths to long wavelengths?,,Red to orange to yellow,,Yellow to orange to red,,Yellow to red to orange,,Orange to yellow to red ,B,"Light wavelength is associated with perception of color. Within the visible spectrum, our experience of red is associated with longer wavelengths, greens are intermediate, and blues and violets are shorter in wavelength. ",,,,,,"Light wavelength is associated with perception of color. Within the visible spectrum, our experience of red is associated with longer wavelengths, greens are intermediate, and blues and violets are shorter in wavelength. "
,D,88,The visible spectrum includes light that ranges from about ________. ,, 400–700 nm,,200–900 nm,,20–20000 Hz,,10–20 dB,A,The visible spectrum in humans is associated with wavelengths that range from 380 to 740 nm.,,,,,,The visible spectrum in humans is associated with wavelengths that range from 380 to 740 nm.
,D,89,The electromagnetic spectrum includes ________. ,,Radio waves,,X-rays,,Infrared light,,All of the above,D,"The audible range of sound frequencies is between 20 and 20000 Hz, with greatest sensitivity to those frequencies that fall in the middle of this range.",,,,,,"The audible range of sound frequencies is between 20 and 20000 Hz, with greatest sensitivity to those frequencies that fall in the middle of this range."
,D,90,The audible range for humans is ________. ,,380–740 Hz,,10–20 dB,,less than 300 dB,,"20-20,000 Hz",D,"The lowest hearing decibel level is 0 dB, which indicates nearly total silence and is the softest sound that the human ear can hear. Generally speaking, the louder the sound, the higher the decibel number.",,,,,,"The lowest hearing decibel level is 0 dB, which indicates nearly total silence and is the softest sound that the human ear can hear. Generally speaking, the louder the sound, the higher the decibel number."
,D,91,"The quality of a sound that is affected by frequency, amplitude, and timing of the sound wave is known as ________. ",,Pitch,,Tone,,Electromagnetic,,Timbre,D,"The term ""electromagnetism"" comes from the fact that electrical and magnetic forces are involved simultaneously.",,,,,,"Pitch is the perception of a sound’s frequency.In order for auditory perception to happen, the brain has to analyze the properties and characteristics of the sound. One characteristic is tone, which refers to if the sound if higher or lower.The term ""electromagnetism"" comes from the fact that electrical and magnetic forces are involved simultaneously."
,E,92,The ________ is a small indentation of the retina that contains cones. ,,Optic chiasm,,Optic nerve,,Fovea,,Iris,C,Iris is the colored portion of the eye.,,,,,,X-shaped structure that sits just below the brain’s ventral surface; represents the merging ofthe optic nerves from the two eyes and the separation of information from the two sides of the visual field to the opposite side of the brainOptic nerve carries visual information from the retina to the brain.Iris is the colored portion of the eye.
,E,93,________ operate best under bright light conditions.,,Cones,,Rods,,Retinal ganglion cells,,Striate cortex,A,The striate cortex is the part of the visual cortex that is involved in processing visual information. The striate cortex is the first cortical visual area that receives input from the lateral geniculate nucleus in the thalamus.,,,,,,"Rods are located throughout the retina and operate best under dim light conditions.Retinal ganglion cells process visual information that begins as light entering the eye and transmit it to the brain via their axons, which are long fibers that make up the optic nerve. The striate cortex is the part of the visual cortex that is involved in processing visual information. The striate cortex is the first cortical visual area that receives input from the lateral geniculate nucleus in the thalamus."
,A,94,________ depth cues require the use of both eyes. ,,Monocular,,Binocular,,Linear perspective,,Accommodating,B,"Initially proposed by Jean Piaget, the term accommodation refers to the part of the adaptation process. The process of accommodation involves altering one's existing schemas, or ideas, as a result of new information or new experiences.",,,,,,"Monocular cue is a visual cue that requires only one eye. Linear perspective allows us to perceive depth in an image when two parallel lines seem to converge.Initially proposed by Jean Piaget, the term accommodation refers to the part of the adaptation process. The process of accommodation involves altering one's existing schemas, or ideas, as a result of new information or new experiences."
,D,95,"If you were to stare at a green dot for a relatively long period of time and then shift your gaze to a blank white screen, you would see a ________ negative afterimage. ",,Blue,,Yellow,,Black,,red,D,"According to the opponent-process theory of color perception,  color is coded in opponent pairs such as black-white. ",,,,,,"According to the opponent-process theory of color perception,  color is coded in opponent pairs such as yellow-blue. "
,D,96,The air cells located near the base of the basilar membrane respond best to ________ sounds. ,,Low-frequency,,High-frequency,,Low-amplitude,,High-amplitude,B,The place theory of pitch perception suggests that different portions of the basilar membrane are sensitive to sounds of different frequencies.,,,,,,"The place theory of pitch perception suggests that different portions of the basilar membrane are sensitive to sounds of different frequencies. More specifically,; the tip of the basilar membrane responds best to low frequencies."
,A,97,The three ossicles of the middle ear are known as ________. ,,"Malleus, incus, and stapes",,"Hammer, anvil, and stirrup",,"Pinna, cochlea, and utricle",,Both a and b ,D,Pinna is a part of the outer ear while  the cochlea and utricle are parts of the inner ear. ,,,,,,The ossicles (also called auditory ossicles) are three bones in either middle ear that are among the smallest bones in the human body. Pinna is a part of the outer ear while  the cochlea and utricle are parts of the inner ear. 
,D,98,Hearing aids might be effective for treating ________.,,Ménière's disease,,Sensorineural hearing loss,,Conductive hearing loss,,Interaural time differences,B,The interaural time difference is the time interval between when a sound enters one ear and when it enters the other ear.,,,,,,"Ménière's disease results in a degeneration of inner ear structures that can lead to hearing loss, tinnitus, vertigo, and an increase in pressure within the inner earHearing loss that results from a failure of the vibration of the eardrum or the resultant movement of the ossicles is called conductive hearing lossThe interaural time difference is the time interval between when a sound enters one ear and when it enters the other ear."
,A,99,Cues that require two ears are referred to as ________ cues. ,,Monocular,,Monaural,,Binocular,,Binaural ,D,Binocular cue is a visual cue that relies on the use of both eyes.,,,,,,Monocular cue is a visual cue that requires only one eye. Monoaural cue is a one-eared cue to localize sound.Binocular cue is a visual cue that relies on the use of both eyes.
,E,100,Chemical messages often sent between two members of a species to communicate something about reproductive status are called ________. ,,Hormones,,Pheromones,,Merkel’s disks,,Meissner’s corpuscles,B,Meissner’s corpuscles are receptors throughout the skin that respond to pressure and lower frequency vibrations.,,,,,,Hormones are released from endocrine cells that travels through the blood to interact with target cells at some distance to cause a biological response.Merkel’s disks are receptors throughout the skin that respond to light pressure. Meissner’s corpuscles are receptors throughout the skin that respond to pressure and lower frequency vibrations.
,A,101,Which taste is associated with monosodium glutamate? ,,Sweet,,Bitter,,Umami,,Sour,C,Sourness is the taste that detects acidity. ,,,,,,"Sense of taste that is pleasurable and that is a result of digesting something that contains sugar.Bitter denotes the unpleasant taste evoked by most alkaloids, glycosides, vitamins, and some salts.Sourness is the taste that detects acidity. "
,A,102, ________ serve as sensory receptors for temperature and pain stimuli. ,,Free nerve endings,,Pacinian corpuscles,,Ruffini corpuscles,,Meissner’s corpuscles,A,Meissner’s corpuscles respond to pressure and lower frequency vibrations.,,,,,,Pacinian corpuscles detect transient pressure and higher frequency vibrations:Ruffini corpuscles detect stretch.Meissner’s corpuscles respond to pressure and lower frequency vibrations.
,A,103,Which of the following is involved in maintaining balance and body posture? ,,Auditory nerve,,Nociceptors,,Olfactory bulb,,Vestibular system,D,"bulb-like structure at the tip of the frontal lobe, where the olfactory nerves begin",,,,,,"The auditory nerve is a bundle of nerve fibres that carry information between the cochlea in the inner ear and the brain. The function of the auditory nerve is to transmit signals from the internal ear to the brain.A nociceptor (""pain receptor"") is a sensory neuron that responds to damaging or potentially damaging stimuli by sending “possible threat” signals to the spinal cord and the brain.bulb-like structure at the tip of the frontal lobe, where the olfactory nerves begin"
,A,104,"According to the principle of ________, objects that occur close to one another tend to be grouped together. ",,Similarity,,Good continuation,,Proximity,,Closure ,C,The principle of closure states that we organize our perceptions into complete objects rather than as a series of parts.,,,,,,"The principle of similarity states that things that are alike tend to be grouped together.According to the principle of good continuation, we are more likely to perceive smoothly flowing lines rather than choppy or jagged lines. The principle of closure states that we organize our perceptions into complete objects rather than as a series of parts."
,E,105,Our tendency to perceive things as complete objects rather than as a series of parts is known as the principle of ________. ,,Closure,,Good continuation,,Proximity,,Similarity,A,The principle of similarity states that things that are alike tend to be grouped together.,,,,,,"According to the principle of good continuation, we are more likely to perceive smoothly flowing lines rather than choppy or jagged lines. The principle of proximity states that things that are close to one another tend to be grouped together.The principle of similarity states that things that are alike tend to be grouped together."
,A,106,"According to the law of ________, we are more likely to perceive smoothly flowing lines rather than choppy or jagged lines. ",,Closure,,Good continuation,,Proximity,,Similarity,B,The principle of similarity states that things that are alike tend to be grouped together.,,,,,,The principle of closure states that we organize our perceptions into complete objects rather than as a series of parts.The principle of proximity states that things that are close to one another tend to be grouped together.The principle of similarity states that things that are alike tend to be grouped together.
,A,107,The main point of focus in a visual display is known as the ________. ,,Closure,,Perceptual set,,Ground,,Figure,D,"According to the figure-ground relationship, we tend to segment our visual world into figure and ground. The ground is the background.",,,,,,"The principle of closure states that we organize our perceptions into complete objects rather than as a series of parts.Perceptual set refers to a predisposition to perceive things in a certain wayAccording to the figure-ground relationship, we tend to segment our visual world into figure and ground. The ground is the background."
